Item ID/ SKU,Item name,Category,Sub Category,Price,In stock?,Status,Image Name,,
SNA11640408.03,Schwalbe Airborne 24x1.20(30-540) - Black,Tires,24'' (540),106.00,1,In stock,/wp-content/uploads/woocommerce_uploadsSNA11640408.03.png,,
2TY810,24x1 Sentinal Polyurethane Solid Tire (25-540) P-154,Tires,24'' (540),40.00,1,In stock,/wp-content/uploads/woocommerce_uploads2TY810.png,,
K25246940214,K402 Street 24x1.375 (32-540),Tires,24'' (540),20.00,1,In stock,/wp-content/uploads/woocommerce_uploadsK25246940214.png,,
K25240219756,K197 EuroTrek 24x1.375 (37-540),Tires,24'' (540),25.00,1,In stock,/wp-content/uploads/woocommerce_uploadsK25240219756.png,,
K25242019211,K192 Kourier 24x1.375 (37-540),Tires,24'' (540),30.00,1,In stock,/wp-content/uploads/woocommerce_uploadsK25242019211.png,,
K2524210300,K103 Street 24x1.375 (37-540),Tires,24'' (540),20.00,1,In stock,/wp-content/uploads/woocommerce_uploadsK2524210300.png,,
K25242014317,K143 Street 24x1.375 (37-540),Tires,24'' (540),20.00,1,In stock,/wp-content/uploads/woocommerce_uploadsK25242014317.png,,
K212188,K1010 Nevegal 24x2.10 (54-540) - Black,Tires,24'' (540),40.00,1,In stock,/wp-content/uploads/woocommerce_uploadsK212188.png,,
2TY045,C1836 Sentinel 24x1.0 (25-540),Tires,24'' (540),60.00,1,In stock,/wp-content/uploads/woocommerce_uploads2TY045.png,,
2TY110,C1195 Passage 24x1.0 (25-540),Tires,24'' (540),40.00,1,In stock,/wp-content/uploads/woocommerce_uploads2TY110.png,,
2TY120,C1157 Cross Court 24x1.0 (25-540),Tires,24'' (540),66.00,1,In stock,/wp-content/uploads/woocommerce_uploads2TY120.png,,
2TY035,C763 24x1.375 (37-540),Tires,24'' (540),55.00,1,In stock,/wp-content/uploads/woocommerce_uploads2TY035.png,,
2TY042,C63 Orion 24x1.375 (37-540),Tires,24'' (540),40.00,1,In stock,/wp-content/uploads/woocommerce_uploads2TY042.png,,
2TY650,WS3 Tufo 24 (25-540),Tires,24'' (540),125.00,1,In stock,/wp-content/uploads/woocommerce_uploads2TY650.png,,
SNA11600870,HS462A Schwalbe One 24x1 (23-540),Tires,24'' (540),99.00,1,In stock,/wp-content/uploads/woocommerce_uploadsSNA11600870.png,,
2TY0089AAA,Aeroflex 24x1.375 (540),Tires,24'' (540),40.00,1,In stock,/wp-content/uploads/woocommerce_uploads2TY0089AAA.png,,
K212505,K1079p Street - Grey 24x1 3/8 (35-540),Tires,24'' (540),30.00,1,In stock,/wp-content/uploads/woocommerce_uploadsK212505.png,,
SNA11600871,HS462A Schwalbe One 25x1 (23-559),Tires,25'' (559),99.00,1,In stock,/wp-content/uploads/woocommerce_uploadsSNA11600871.png,,
K2590064,K103 Street 22x1.375 (37-490),Tires,22'' (490),15.00,1,In stock,/wp-content/uploads/woocommerce_uploadsK2590064.png,,
K103580654A1,k358 Turf - Black 13x500-6,Tires,13x500-6,40.00,1,In stock,/wp-content/uploads/woocommerce_uploadsK103580654A1.png,,
K105000654B1,K500 Turf 4 PI TL - Black Marking 13x500-6,Tires,13x500-6,40.00,1,In stock,/wp-content/uploads/woocommerce_uploadsK105000654B1.png,,
KFB13506,k358 Turf Foam Filled - Black 13x500-6,Tires,13x500-6,103.00,1,In stock,/wp-content/uploads/woocommerce_uploadsKFB13506.png,,
K253720804B0Bk,K372X Turf - Black Non Marking (300-8)14x3,Tires,14x3 (300-8),40.00,1,In stock,/wp-content/uploads/woocommerce_uploadsK253720804B0Bk.png,,
KTT30080,K372 Turf Foam Filled (300-8)14x3,Tires,14x3 (300-8),97.00,1,In stock,/wp-content/uploads/woocommerce_uploadsKTT30080.png,,
SNA11100683,HS430 Big Apple 16x2.0 (50-305),Tires,16'' (305),42.00,1,In stock,/wp-content/uploads/woocommerce_uploadsSNA11100683.png,,
SNA11100065.01,HS407 Black Jack 16x1.90 (47-305),Tires,16'' (305),20.00,1,In stock,/wp-content/uploads/woocommerce_uploadsSNA11100065.01.png,,
SNA11100296,HS429 Marathon Racer 16x1.50 (40-305),Tires,16'' (305),45.00,1,In stock,/wp-content/uploads/woocommerce_uploadsSNA11100296.png,,
K01165505001,K50 Knobby - Black 16x2.125(57-305),Tires,16'' (305),15.00,1,In stock,/wp-content/uploads/woocommerce_uploadsK01165505001.png,,
K25184512314,K123 Street 18x1.75 (47-355),Tires,18'' (355),15.00,1,In stock,/wp-content/uploads/woocommerce_uploadsK25184512314.png,,
K25182010314,K103 Street - Grey 18x1 3/8 (37-400),Tires,18'' (400),15.00,1,In stock,/wp-content/uploads/woocommerce_uploadsK25182010314.png,,
SNA11159003,"Marathon Winter Plus, HS396 Reflex 20x2.15 (55-406)",Tires,18'' (400),102.00,1,In stock,/wp-content/uploads/woocommerce_uploadsSNA11159003.png,,
K25205504217,K42 Knobby 20x2.125 (57-406),Tires,20'' (406),15.00,1,In stock,/wp-content/uploads/woocommerce_uploadsK25205504217.png,,
K212167,k193 Kwest - Black 20x1.25 (32-406),Tires,20'' (406),29.00,1,In stock,/wp-content/uploads/woocommerce_uploadsK212167.png,,
K212070,K1046 Karrumba 20x1.95 (50-406),Tires,20'' (406),22.00,1,In stock,/wp-content/uploads/woocommerce_uploadsK212070.png,,
SNA11100113,HS399 Durano 20x1.10 (28-406),Tires,20'' (406),55.00,1,In stock,/wp-content/uploads/woocommerce_uploadsSNA11100113.png,,
SNA11100134.02,HS331 Jumpin Jack 20x2.10 (54-406),Tires,20'' (406),35.00,1,In stock,/wp-content/uploads/woocommerce_uploadsSNA11100134.02.png,,
2TY012,C1157 V-Monster 20x2.10 (52-406),Tires,20'' (406),35.00,1,In stock,/wp-content/uploads/woocommerce_uploads2TY012.png,,
SNA11100758,HS440 Marathon Plus Reflex 20x1.75 (47-406),Tires,20'' (406),75.00,1,In stock,/wp-content/uploads/woocommerce_uploadsSNA11100758.png,,
B71.01.05,Creepy Crawler 20x2.0 (54-406),Tires,20'' (406),44.00,1,In stock,/wp-content/uploads/woocommerce_uploadsB71.01.05.png,,
SNA11653962,Performance - Black Folding 20x1.10 (28-406),Tires,20'' (406),70.00,1,In stock,/wp-content/uploads/woocommerce_uploadsSNA11653962.png,,
SNA11653951,Pro One 20x1.10 (28-406) Microskin TLE - Black Folding,Tires,20'' (406),110.00,1,In stock,/wp-content/uploads/woocommerce_uploadsSNA11653951.png,,
K212949,K1129 Kwick Journey 20x1.75(45-406) - Black,Tires,20'' (406),56.00,1,In stock,/wp-content/uploads/woocommerce_uploadsK212949.png,,
SNA11100063,HS385 Kojak 35-406 (20 x 1.35) - Black,Tires,20'' (406),45.00,1,In stock,/wp-content/uploads/woocommerce_uploadsSNA11100063.png,,
2TY010,C1131 Dirt Monster 20x1.95(406) - Black,Tires,20'' (406),35.00,1,In stock,/wp-content/uploads/woocommerce_uploads2TY010.png,,
SNA11116448.02,Marathon Winter HS396 Reflex - Black 20x1.60(42-406),Tires,20'' (406),102.00,1,In stock,/wp-content/uploads/woocommerce_uploadsSNA11116448.02.png,,
SNA11159243,20 x 2.15 (55-406) Marathon GT 365 Black Reflex,Tires,20'' (406),56.00,1,In stock,/wp-content/uploads/woocommerce_uploadsSNA11159243.png,,
K25200119650,K196 Kontender 20x1.0 (23-451),Tires,20'' (451),40.00,1,In stock,/wp-content/uploads/woocommerce_uploadsK25200119650.png,,
SNA10273328.01,HS387 Right Run 20x1.0 (25-451),Tires,20'' (451),25.00,1,In stock,/wp-content/uploads/woocommerce_uploadsSNA10273328.01.png,,
SNA11121351,HS350 Stelvio 20x1.125 (28-451),Tires,20'' (451),39.00,1,In stock,/wp-content/uploads/woocommerce_uploadsSNA11121351.png,,
K25202014314,K143 Street 20x1.375 (37-451),Tires,20'' (451),15.00,1,In stock,/wp-content/uploads/woocommerce_uploadsK25202014314.png,,
2TY0063AAB,Aeroflex 20x1.375 (451),Tires,20'' (451),40.00,1,In stock,/wp-content/uploads/woocommerce_uploads2TY0063AAB.png,,
SNA10275387,HS387 Right Run 22x1.0 (25-489),Tires,22'' (489),25.00,1,In stock,/wp-content/uploads/woocommerce_uploadsSNA10275387.png,,
SNA10275440,HS440 Marathon Plus Evolution Reflex 22x1.0 (25-489),Tires,22'' (489),75.00,1,In stock,/wp-content/uploads/woocommerce_uploadsSNA10275440.png,,
SNA11600685,HS464 Durano - Black 24x0.90 (23-520),Tires,24'' (520),70.00,1,In stock,/wp-content/uploads/woocommerce_uploadsSNA11600685.png,,
K25247006217,K62 Street 24x1.25 (37-547),Tires,25'' (559),20.00,1,In stock,/wp-content/uploads/woocommerce_uploadsK25247006217.png,,
K2525105185,K1051 Konstrictor 25x1.0 (23-559),Tires,25'' (559),30.00,1,In stock,/wp-content/uploads/woocommerce_uploadsK2525105185.png,,
K25250110411,K1044 Kool Bullet 25x1.0 (25-559),Tires,25'' (559),30.00,1,In stock,/wp-content/uploads/woocommerce_uploadsK25250110411.png,,
SNA10231353.01,HS343 SpeedAir 25x0.75 (20-559),Tires,25'' (559),71.00,1,In stock,/wp-content/uploads/woocommerce_uploadsSNA10231353.01.png,,
SNA10283687,HS387 Right Run 25x1.0 (23-559),Tires,25'' (559),25.00,1,In stock,/wp-content/uploads/woocommerce_uploadsSNA10283687.png,,
SNA10231349,HS349 Quick Slick 25x1.0 (25-559),Tires,25'' (559),23.00,1,In stock,/wp-content/uploads/woocommerce_uploadsSNA10231349.png,,
SNA10231644,HS344 Home Run 25x1.0 (25-559),Tires,25'' (559),28.00,1,In stock,/wp-content/uploads/woocommerce_uploadsSNA10231644.png,,
SNA11600686,HS464 Durano 25x1.10 (28-559),Tires,25'' (559),70.00,1,In stock,/wp-content/uploads/woocommerce_uploadsSNA11600686.png,,
SNA11641408,HS408 Airborne 25x1.2 (30-559),Tires,25'' (559),106.00,1,In stock,/wp-content/uploads/woocommerce_uploadsSNA11641408.png,,
2TY056,C1195 Passage 25x1.0 (25-559),Tires,25'' (559),60.00,1,In stock,/wp-content/uploads/woocommerce_uploads2TY056.png,,
2TY057,C1836 Sentinel 25x1.0 (25-559),Tires,25'' (559),60.00,1,In stock,/wp-content/uploads/woocommerce_uploads2TY057.png,,
2TY130,C1191 Silver Bullet 25x1.0 (25-559),Tires,25'' (559),60.00,1,In stock,/wp-content/uploads/woocommerce_uploads2TY130.png,,
2TY645,MS3 25 (25-559),Tires,25'' (559),125.00,1,In stock,/wp-content/uploads/woocommerce_uploads2TY645.png,,
SNA11100760,HS440 Marathon Plus Reflex 26x1.35 (35-559),Tires,25'' (559),99.00,1,In stock,/wp-content/uploads/woocommerce_uploadsSNA11100760.png,,
SNA11100599.01,HS396 Marathon Winter Reflex - Stud 26x1.75 (47-559),Tires,25'' (559),75.00,1,In stock,/wp-content/uploads/woocommerce_uploadsSNA11100599.01.png,,
K25251224171,K1224 Paradigm 25x1 (25-559) - Black,Tires,25'' (559),65.00,1,In stock,/wp-content/uploads/woocommerce_uploadsK25251224171.png,,
K01265381614,K816 Smoke 26x2.10 (54-559) - Gy,Tires,25'' (559),20.00,1,In stock,/wp-content/uploads/woocommerce_uploadsK01265381614.png,,
SNA10159012,HS387 Right Run 25x1 (28-559) - Grey/Black,Tires,25'' (559),35.00,1,In stock,/wp-content/uploads/woocommerce_uploadsSNA10159012.png,,
K25262080314,K803A All Terrain 26x1.375 (37-559),Tires,25'' (559),25.00,1,In stock,/wp-content/uploads/woocommerce_uploadsK25262080314.png,,
K25260219781,K197 EuroTrek 26x1.95 (50-559),Tires,25'' (559),25.00,1,In stock,/wp-content/uploads/woocommerce_uploadsK25260219781.png,,
K212335,K905 K-Rad 26x1.95 (50-559),Tires,25'' (559),40.00,1,In stock,/wp-content/uploads/woocommerce_uploadsK212335.png,,
K212907,K1150 Nevegal X Pro 26x2.10 (52-559),Tires,25'' (559),65.00,1,In stock,/wp-content/uploads/woocommerce_uploadsK212907.png,,
K212340,K917 Karma Pro 26x2.10 (54-559),Tires,25'' (559),65.00,1,In stock,/wp-content/uploads/woocommerce_uploadsK212340.png,,
K212369,K1059 ExcavatorPro 26x1.95 (50-559),Tires,25'' (559),70.00,1,In stock,/wp-content/uploads/woocommerce_uploadsK212369.png,,
SNA11100185.01,HS269 CX Pro 26x1.35 (35-559),Tires,25'' (559),42.00,1,In stock,/wp-content/uploads/woocommerce_uploadsSNA11100185.01.png,,
SNA11600063.01,HS376 Insider 26x1.35 (35-559),Tires,25'' (559),60.00,1,In stock,/wp-content/uploads/woocommerce_uploadsSNA11600063.01.png,,
SNA11101033,HS450 Land Cruiser 26x1.75 (47-559),Tires,25'' (559),30.00,1,In stock,/wp-content/uploads/woocommerce_uploadsSNA11101033.png,,
SNA11600177.02,HS469 Marathon Supreme 26x2.0 (50-559),Tires,25'' (559),120.00,1,In stock,/wp-content/uploads/woocommerce_uploadsSNA11600177.02.png,,
SNA11600715,HS466 Jumbo Jim 26x4.0 (100-559),Tires,25'' (559),150.00,1,In stock,/wp-content/uploads/woocommerce_uploadsSNA11600715.png,,
2TY0089AAE,Aeroflex 25x1.375 (559),Tires,25'' (559),40.00,1,In stock,/wp-content/uploads/woocommerce_uploads2TY0089AAE.png,,
4WH630,22'' Wire,Tires,22'' (501),150.00,1,In stock,/wp-content/uploads/woocommerce_uploads4WH630.png,,
LXL22.18.111,22'' Spinergy Extra Light Extreme,Tires,25'' (559),510.00,1,In stock,/wp-content/uploads/woocommerce_uploadsLXL22.18.111.png,,
SNA11100144,Marathon Reflex 25x1.35 (32-559) - Black,Tires,25'' (559),75.00,1,In stock,/wp-content/uploads/woocommerce_uploadsSNA11100144.png,,
K2590074,K196 Kontender Black - White sidewall 25x1,Tires,25'' (559),40.00,1,In stock,/wp-content/uploads/woocommerce_uploadsK2590074.png,,
4WH062,CR20 Cross Spokes – Black,Tires,25'' (559),272.00,1,In stock,/wp-content/uploads/woocommerce_uploads4WH062.png,,
K25241223171,25x1 (25-559) Hexon K1223 – Black,Tires,25'' (559),50.00,1,In stock,/wp-content/uploads/woocommerce_uploadsK25241223171.png,,
4WH154,28'' CR20 - Cross Spokes,Tires,28'' (622),195.00,1,In stock,/wp-content/uploads/woocommerce_uploads4WH154.png,,
4WH465,700c Equalizer,Tires,700c,245.00,1,In stock,/wp-content/uploads/woocommerce_uploads4WH465.png,,
4WH148,24'' CR20 - Cross Spokes,Tires,24'' (540),195.00,1,In stock,/wp-content/uploads/woocommerce_uploads4WH148.png,,
4WH150,25'' CR20 - Cross Spokes,Tires,25'' (559),195.00,1,In stock,/wp-content/uploads/woocommerce_uploads4WH150.png,,
4WH155,24'' CR20 Black 36S-3X,Tires,24'' (540),325.00,1,In stock,/wp-content/uploads/woocommerce_uploads4WH155.png,,
4WH156,25'' CR20 Black 36S-3X,Tires,25'' (559),325.00,1,In stock,/wp-content/uploads/woocommerce_uploads4WH156.png,,
4WH450,24'' Equalizer,Tires,24'' (540),245.00,1,In stock,/wp-content/uploads/woocommerce_uploads4WH450.png,,
4WH455,25'' Equalizer,Tires,25'' (559),245.00,1,In stock,/wp-content/uploads/woocommerce_uploads4WH455.png,,
4WH210,24'' Zero G,Tires,24'' (540),160.00,1,In stock,/wp-content/uploads/woocommerce_uploads4WH210.png,,
4WH220,25'' Zero G,Tires,25'' (559),160.00,1,In stock,/wp-content/uploads/woocommerce_uploads4WH220.png,,
4WH250,24'' Cyclone Aluminum,Tires,24'' (540),625.00,1,In stock,/wp-content/uploads/woocommerce_uploads4WH250.png,,
4WH253,24'' Phoenix Aluminum,Tires,24'' (540),625.00,1,In stock,/wp-content/uploads/woocommerce_uploads4WH253.png,,
4WH260,25'' Cyclone Aluminum,Tires,25'' (559),625.00,1,In stock,/wp-content/uploads/woocommerce_uploads4WH260.png,,
4WH263,25'' Phoenix Aluminum,Tires,25'' (559),625.00,1,In stock,/wp-content/uploads/woocommerce_uploads4WH263.png,,
4WH430,24'' Twin Star,Tires,24'' (540),640.00,1,In stock,/wp-content/uploads/woocommerce_uploads4WH430.png,,
4WH431,25'' Twin Star,Tires,25'' (559),640.00,1,In stock,/wp-content/uploads/woocommerce_uploads4WH431.png,,
4WH575,24'' X-Core Mag 5,Tires,24'' (540),115.00,1,In stock,/wp-content/uploads/woocommerce_uploads4WH575.png,,
4WH635,24'' Wire,Tires,24'' (540),150.00,1,In stock,/wp-content/uploads/woocommerce_uploads4WH635.png,,
4WH580,"24"" X-CoreTM 3-Spoke Carbon Fiber- Black",Tires,24'' (540),585.00,1,In stock,/wp-content/uploads/woocommerce_uploads4WH580.png,,
4WH885-LWC,540 Loopwheel Carbon,Tires,24'' (540),"2,768.00",1,In stock,/wp-content/uploads/woocommerce_uploads4WH885-LWC.png,,
4WH886-LWC,559 Loopwheel Carbon,Tires,25'' (559),"2,768.00",1,In stock,/wp-content/uploads/woocommerce_uploads4WH886-LWC.png,,
4WH152,26'' CR20 - Cross Spokes,Tires,26'' (590),195.00,1,In stock,/wp-content/uploads/woocommerce_uploads4WH152.png,,
4WH157,26'' CR20 Black 36S-3X,Tires,26'' (590),325.00,1,In stock,/wp-content/uploads/woocommerce_uploads4WH157.png,,
4WH460,26'' Equalizer,Tires,26'' (590),245.00,1,In stock,/wp-content/uploads/woocommerce_uploads4WH460.png,,
4WH645,26'' Wire,Tires,26'' (590),150.00,1,In stock,/wp-content/uploads/woocommerce_uploads4WH645.png,,
4WH640,25'' Wire,Tires,25'' (559),150.00,1,In stock,/wp-content/uploads/woocommerce_uploads4WH640.png,,
2TY0074AAA,Aeroflex 22x1.375 (501),Tires,22'' (501),40.00,1,In stock,/wp-content/uploads/woocommerce_uploads2TY0074AAA.png,,https://49b.pfcd.ca/product/aeroflex-22x1-375-501/
K25470120603,K470 Slick 6P TT - Black 12.5x2.25(203),Tires,22'' (501),20.00,1,In stock,/wp-content/uploads/woocommerce_uploadsK25470120603.png,,https://49b.pfcd.ca/product/k470-slick-6p-tt-black-12-5x2-25203/
K254692508B0,K469 Traction 4P TT - Grey 12.5x2.25(203),Wheels,12.5x2.25 (203),20.00,1,In stock,/wp-content/uploads/woocommerce_uploadsK254692508B0.png,,https://49b.pfcd.ca/product/k469-traction-4p-tt-grey-12-5x2-25203/
K2512124000,K124 Street- Grey 12.5x2.25(203),Wheels,12.5x2.25 (203),20.00,1,In stock,/wp-content/uploads/woocommerce_uploadsK2512124000.png,,https://49b.pfcd.ca/product/k124-street-grey-12-5x2-25203/
K01126005001,K50 Knobby - Black 12.5x2.25(203),Wheels,12.5x2.25 (203),20.00,1,In stock,/wp-content/uploads/woocommerce_uploadsK01126005001.png,,https://49b.pfcd.ca/product/k50-knobby-black-12-5x2-25203/
K01126090901,K909 Slick - Black 12.5x2.25(203),Wheels,12.5x2.25 (203),20.00,1,In stock,/wp-content/uploads/woocommerce_uploadsK01126090901.png,,https://49b.pfcd.ca/product/k909-slick-black-12-5x2-25203/
SNA11100495,HS420 Marathon Plus Evolution 700x23c (23-622),Tires,28'' (622),57.00,1,In stock,/wp-content/uploads/woocommerce_uploadsSNA11100495.png,,https://49b.pfcd.ca/product/hs420-marathon-plus-evolution-700x23c-23-622/
SNA11600036.01,HS380 Ultremo ZX 700x25 (25-622),Tires,28'' (622),81.00,1,In stock,/wp-content/uploads/woocommerce_uploadsSNA11600036.01.png,,https://49b.pfcd.ca/product/hs380-ultremo-zx-700x25-25-622/
SNA11600172.01,HS399 Durano 700x25c (25-622),Tires,28'' (622),70.00,1,In stock,/wp-content/uploads/woocommerce_uploadsSNA11600172.01.png,,https://49b.pfcd.ca/product/hs399-durano-700x25c-25-622/
2TY635,MS3 28 (25-622),Tires,28'' (622),125.00,1,In stock,/wp-content/uploads/woocommerce_uploads2TY635.png,,https://49b.pfcd.ca/product/ms3-28-25-622/
2TY750,IRC Exeracer Pro Tires 28x1 (622) - Red,Tires,28'' (622),120.00,1,In stock,/wp-content/uploads/woocommerce_uploads2TY750.png,,https://49b.pfcd.ca/product/irc-exeracer-pro-tires-28x1-622-red/
SNA10285353.01,HS343 SpeedAir 26x0.75 (20-590),Tires,26'' (590),71.00,1,In stock,/wp-content/uploads/woocommerce_uploadsSNA10285353.01.png,,https://49b.pfcd.ca/product/hs343-speedair-26x0-75-20-590/
SNA10284440,HS440 Marathon Plus Evolution 26x1.0 (25-590),Tires,26'' (590),75.00,1,In stock,/wp-content/uploads/woocommerce_uploadsSNA10284440.png,,https://49b.pfcd.ca/product/hs440-marathon-plus-evolution-26x1-0-25-590/
SNA10285387.01,HS387 Right Run 26x1.0 (25-590),Tires,26'' (590),25.00,1,In stock,/wp-content/uploads/woocommerce_uploadsSNA10285387.01.png,,https://49b.pfcd.ca/product/hs387-right-run-26x1-0-25-590/
SNA11140602.01,HS392 Delta Cruiser 26x1.375 (37-590),Tires,26'' (590),30.00,1,In stock,/wp-content/uploads/woocommerce_uploadsSNA11140602.01.png,,https://49b.pfcd.ca/product/hs392-delta-cruiser-26x1-375-37-590/
K2526105182,K1051 Konstrictor 26x1.0 (23-590),Tires,26'' (590),30.00,1,In stock,/wp-content/uploads/woocommerce_uploadsK2526105182.png,,https://49b.pfcd.ca/product/k1051-konstrictor-26x1-0-23-590/
K25260219212,K192 Kourier 26x1.375 (37-590),Tires,26'' (590),30.00,1,In stock,/wp-content/uploads/woocommerce_uploadsK25260219212.png,,https://49b.pfcd.ca/product/k192-kourier-26x1-375-37-590/
K25260219756,K197 EuroTrek 26x1.375 (37-590),Tires,26'' (590),35.00,1,In stock,/wp-content/uploads/woocommerce_uploadsK25260219756.png,,https://49b.pfcd.ca/product/k197-eurotrek-26x1-375-37-590/
K2526210300,K103 Street 26x1.375 (37-590),Tires,26'' (590),20.00,1,In stock,/wp-content/uploads/woocommerce_uploadsK2526210300,,https://49b.pfcd.ca/product/k103-street-26x1-375-37-590/
2TY061,C1836 Sentinel 26x1.0 (25-590),Tires,26'' (590),60.00,1,In stock,/wp-content/uploads/woocommerce_uploads2TY061.png,,https://49b.pfcd.ca/product/c1836-sentinel-26x1-0-25-590/
2TY370,C1034 Vantage 26x1.375 (37-590),Tires,26'' (590),50.00,1,In stock,/wp-content/uploads/woocommerce_uploads2TY370.png,,https://49b.pfcd.ca/product/c1034-vantage-26x1-375-37-590/
2TY601AAQ,Shox G2 All Terrain 26x1.0 (590),Tires,26'' (590),40.00,1,In stock,/wp-content/uploads/woocommerce_uploads2TY601AAQ.png,,https://49b.pfcd.ca/product/shox-g2-all-terrain-26x1-0-590/
2TY640,"MS3 26"" Tufo Tubular Tires (25-590) - Blue",Tires,26'' (590),125.00,1,In stock,/wp-content/uploads/woocommerce_uploads2TY640.png,,https://49b.pfcd.ca/product/ms3-26-tufo-tubular-tires-25-590-blue/
2TY0089AAD,Aeroflex 26x1.375 (590),Tires,26'' (590),40.00,1,In stock,/wp-content/uploads/woocommerce_uploads2TY0089AAD.png,,https://49b.pfcd.ca/product/aeroflex-26x1-375-590/
SNA10285391,26x1 Right Run Black'n'Roll (25-590) - Black,Tires,26'' (590),25.00,1,In stock,/wp-content/uploads/woocommerce_uploadsSNA10285391.png,,https://49b.pfcd.ca/product/26x1-right-run-blacknroll-25-590-black/
K25261224172,K1224 Paradigm 26x1 (25-590) - Black,Tires,26'' (590),65.00,1,In stock,/wp-content/uploads/woocommerce_uploadsK25261224172.png,,https://49b.pfcd.ca/product/k1224-paradigm-26x1-25-590-black/
2TY749,IRC Exeracer Pro Tires 26x1 (590) - Red,Tires,26'' (590),120.00,1,In stock,/wp-content/uploads/woocommerce_uploads2TY749.png,,https://49b.pfcd.ca/product/irc-exeracer-pro-tires-26x1-590-red/
K25241223172,26x1 (25-590) Hexon K1223 -Black,Tires,26'' (590),50.00,1,In stock,/wp-content/uploads/woocommerce_uploadsK25241223172.png,,https://49b.pfcd.ca/product/26x1-25-590-hexon-k1223-black/
K2590075,K196 Kontender Black - White sidewall 26x1,Tires,26'' (590),40.00,1,In stock,/wp-content/uploads/woocommerce_uploadsK2590075.png,,https://49b.pfcd.ca/product/k196-kontender-black-white-sidewall-26x1/
SNA11125407.01,HS407 Black Jack 24x1.90 (47-507),Tires,24'' (507),25.00,1,In stock,/wp-content/uploads/woocommerce_uploadsSNA11125407.01.png,,https://49b.pfcd.ca/product/hs407-black-jack-24x1-90-47-507/
SNA11101031,HS450 Land Cruiser 24x2.0 (50-507),Tires,24'' (507),30.00,1,In stock,/wp-content/uploads/woocommerce_uploadsSNA11101031.png,,https://49b.pfcd.ca/product/hs450-land-cruiser-24x2-0-50-507/
SNA11100302,HS430 Big Apple 24x2.0 (50-507),Tires,24'' (507),51.00,1,In stock,/wp-content/uploads/woocommerce_uploadsSNA11100302.png,,https://49b.pfcd.ca/product/hs430-big-apple-24x2-0-50-507/
K212482,K1079 Konversion 24x1.50 (40-507),Tires,24'' (507),35.00,1,In stock,/wp-content/uploads/woocommerce_uploadsK212482.png,,https://49b.pfcd.ca/product/k1079-konversion-24x1-50-40-507/
K25244512314,K123 Street 24x1.75 (47-507),Tires,24'' (507),20.00,1,In stock,/wp-content/uploads/woocommerce_uploadsK25244512314.png,,https://49b.pfcd.ca/product/k123-street-24x1-75-47-507/
K2590058,K935 Khan 24x1.75 (47-507),Tires,24'' (507),20.00,1,In stock,/wp-content/uploads/woocommerce_uploadsK2590058.png,,https://49b.pfcd.ca/product/k935-khan-24x1-75-47-507/
K2590040,K50 24x2.125 (57-507),Tires,24'' (507),15.00,1,In stock,/wp-content/uploads/woocommerce_uploadsK2590040.png,,https://49b.pfcd.ca/product/k50-24x2-125-57-507/
K212477,K905 K-Rad 24x2.125 (54-507),Tires,24'' (507),35.00,1,In stock,/wp-content/uploads/woocommerce_uploadsK212477.png,,https://49b.pfcd.ca/product/k905-k-rad-24x2-125-54-507/
2TY380,Cheng Shin 24x1.95 (50-507),Tires,24'' (507),42.00,1,In stock,/wp-content/uploads/woocommerce_uploads2TY380.png,,https://49b.pfcd.ca/product/cheng-shin-24x1-95-50-507/
K212725,K1047 Small Block Eight 24x1.95 (50-507),Tires,24'' (507),65.00,1,In stock,/wp-content/uploads/woocommerce_uploadsK212725.png,,https://49b.pfcd.ca/product/k1047-small-block-eight-24x1-95-50-507/
K214225,24x2.0 (50-507) Kwick Drumlin K1216E Black,Tires,24'' (507),56.00,1,In stock,/wp-content/uploads/woocommerce_uploadsK214225.png,,https://49b.pfcd.ca/product/24x2-0-50-507-kwick-drumlin-k1216e-black/
SNA11125444.02,HS396 Marathon Winter Plus Stud Black Reflex 24x1.75(47-507),Tires,24'' (507),95.00,1,In stock,/wp-content/uploads/woocommerce_uploadsSNA11125444.02.png,,https://49b.pfcd.ca/product/hs396-marathon-winter-plus-stud-black-reflex-24x1-7547-507/
SNA11653980,HS448 Schwalbe One 650x23c (23-571),Tires,26'' (571),110.00,1,In stock,/wp-content/uploads/woocommerce_uploadsSNA11653980.png,,https://49b.pfcd.ca/product/hs448-schwalbe-one-650x23c-23-571/
SNA10630005,HS390 SpeedRun - Grey/Black 24x0.90 (23-540),Tires,24'' (540),70.00,1,In stock,/wp-content/uploads/woocommerce_uploadsSNA10630005.png,,https://49b.pfcd.ca/product/hs390-speedrun-grey-black-24x0-90-23-540/
SNA10282397.02,HS387 Right Run Plus 24x1.0 (25-540),Tires,24'' (540),70.00,1,In stock,/wp-content/uploads/woocommerce_uploadsSNA10282397.02.png,,https://49b.pfcd.ca/product/hs387-right-run-plus-24x1-0-25-540/
SNA10282540,HS440 Marathon Plus - Grey 24x1.0 (25-540),Tires,24'' (540),71.00,1,In stock,/wp-content/uploads/woocommerce_uploadsSNA10282540.png,,https://49b.pfcd.ca/product/hs440-marathon-plus-grey-24x1-0-25-540/
SNA10159015,Right Run HS387 - 24x1.25 Grey/Black (28-540),Tires,24'' (540),35.00,1,In stock,/wp-content/uploads/woocommerce_uploadsSNA10159015.png,,https://49b.pfcd.ca/product/right-run-hs387-24x1-25-grey-black-28-540/
K25241224170,K1224 Paradigm 24x1 (25-540) - Black,Tires,24'' (540),65.00,1,In stock,/wp-content/uploads/woocommerce_uploadsK25241224170.png,,https://49b.pfcd.ca/product/k1224-paradigm-24x1-25-540-black/
2TY747,IRC Exeracer Pro Tires 540 - Red,Tires,24'' (540),120.00,1,In stock,/wp-content/uploads/woocommerce_uploads2TY747.png,,https://49b.pfcd.ca/product/irc-exeracer-pro-tires-540-red/
2TY646,"MS3 24"" - Tufo Tubular Tires - Blue",Tires,24'' (540),125.00,1,In stock,/wp-content/uploads/woocommerce_uploads2TY646.png,,https://49b.pfcd.ca/product/ms3-24-tufo-tubular-tires-blue/
2TY-41240F,"Innova AI2205 Black Non-Marking Tires 24x13/8"" (37-540)",Tires,24'' (540),40.00,1,In stock,/wp-content/uploads/woocommerce_uploads2TY-41240F.png,,https://49b.pfcd.ca/product/innova-ai2205-black-non-marking-tires-24x13-8-37-540/
2TK215,Plastic Tire Levers 3pc set,Miscelaneous,,10.00,1,In stock,/wp-content/uploads/woocommerce_uploads2TK215.png,,https://49b.pfcd.ca/product/plastic-tire-levers-3pc-set/
4TK400,Tire Bead Jack,Miscelaneous,,25.00,1,In stock,/wp-content/uploads/woocommerce_uploads4TK400,,https://49b.pfcd.ca/product/tire-bead-jack/
3PR070,(501) Q-Grip – 6 tab,Push Rims,,Price not found,1,In stock,/wp-content/uploads/woocommerce_uploads3PR070.png,,https://49b.pfcd.ca/product/501-q-grip-6-tab/
2PRW540L-B.R,24″ Wooden Pushrims Set Light with 6 Rivnut – Black,Push Rims,,395.00,1,In stock,/wp-content/uploads/woocommerce_uploads2PRW540L-B.R.png,,https://49b.pfcd.ca/product/24-wooden-pushrims-set-light-with-6-rivnut-black/
2PRW540L-N,24″ Wooden Pushrims Set Light with 6 Tabs – Nature,Push Rims,,395.00,1,In stock,/wp-content/uploads/woocommerce_uploads2PRW540L-N.png,,https://49b.pfcd.ca/product/24-wooden-pushrims-set-light-with-6-tabs-nature/
2PRW559L-B.R,25″ Wooden Pushrims Set Light with 6 Rivnut – Black,Push Rims,,395.00,1,In stock,/wp-content/uploads/woocommerce_uploads2PRW559L-B.R.png,,https://49b.pfcd.ca/product/25-wooden-pushrims-set-light-with-6-rivnut-black/
2PRW559L-N,25″ Wooden Pushrims Set Light with 6 Tabs – Nature,Push Rims,,395.00,1,In stock,/wp-content/uploads/woocommerce_uploads2PRW559L-N.png,,https://49b.pfcd.ca/product/25-wooden-pushrims-set-light-with-6-tabs-nature/
2PR320,26” Gekko Dualgrip Anodized Pushrims – 6 tabs,Push Rims,,165.00,1,In stock,/wp-content/uploads/woocommerce_uploads2PR320.png,,https://49b.pfcd.ca/product/gekko-dualgrip-anodized-pushrims-6-tabs/
2PRW590L-B,26″ Wooden Pushrims Set Light with 6 Tabs -Black,Push Rims,,395.00,1,In stock,/wp-content/uploads/woocommerce_uploads2PRW590L-B.png,,https://49b.pfcd.ca/product/26-wooden-pushrims-set-light-with-6-tabs-black/
2PR700,Aluminium Silver Anodised – 6 tab,Push Rims,,150.00,1,In stock,/wp-content/uploads/woocommerce_uploads2PR700.png,,https://49b.pfcd.ca/product/aluminium-silver-anodised-6-tab/
2PR-540AGX,Blax Everyday Grip PushRims – 6 tab,Push Rims,,165.00,1,In stock,/wp-content/uploads/woocommerce_uploads2PR-540AGX.png,,https://49b.pfcd.ca/product/blax-everyday-grip-pushrims-6-tab/
2PR015.2,Colored Anodised Push Rim – 6 Tabs,Push Rims,,110.00,1,In stock,/wp-content/uploads/woocommerce_uploads2PR015.2.png,,https://49b.pfcd.ca/product/colored-anodised-push-rim-6-tabs/
2PR380,Curve Anodized – 6 tabs,Push Rims,,280.00,1,In stock,/wp-content/uploads/woocommerce_uploads2PR380.png,,https://49b.pfcd.ca/product/curve-anodized-6-tabs/
2PR384,Curve Anodized Pushrims – 6 rivnuts,Push Rims,,399.00,1,In stock,/wp-content/uploads/woocommerce_uploads2PR384.png,,https://49b.pfcd.ca/product/curve-anodized-pushrims-6-rivnuts/
2TB035,Inner Tube 10×2 WH 767A25 NM valve,Tube,,13.00,1,In stock,/wp-content/uploads/woocommerce_uploads2TB035.png,,https://49b.pfcd.ca/product/inner-tube-10x2-wh-767a25-nm-valve/
2TB795,Inner Tube 10×3 (300-4) Schrader valve TR-87,Tube,,13.00,1,In stock,/wp-content/uploads/woocommerce_uploads2TB795.png,,https://49b.pfcd.ca/product/inner-tube-10x3-300-4-schrader-valve-tr-87/
2TB040,Inner Tube 12 1/2×1.75×2 1/4 WH767A valve,Tube,,11.00,1,In stock,/wp-content/uploads/woocommerce_uploads2TB040.png,,https://49b.pfcd.ca/product/inner-tube-12-1-2x1-75x2-1-4-wh767a-valve/
2TB850,Inner Tube 13×500-6 Schrader valve TR-87,Tube,,13.00,1,In stock,/wp-content/uploads/woocommerce_uploads2TB850.png,,https://49b.pfcd.ca/product/inner-tube-13x500-6-schrader-valve-tr-87/
2TB780,Inner Tube 145/70-6 TR-24A,Tube,,15.00,1,In stock,/wp-content/uploads/woocommerce_uploads2TB780.png,,https://49b.pfcd.ca/product/inner-tube-145-70-6-tr-24a/
2TB043,Inner Tube 16×1.75/2.125 Schrader rubber valve,Tube,,11.00,1,In stock,/wp-content/uploads/woocommerce_uploads2TB043.png,,https://49b.pfcd.ca/product/inner-tube-16x1-75-2-125-schrader-rubber-valve/
2TB048,Inner Tube 18×1.75/2.125 Schrader rubber valve,Tube,,9.00,1,In stock,/wp-content/uploads/woocommerce_uploads2TB048.png,,https://49b.pfcd.ca/product/inner-tube-18x1-75-2-125-schrader-rubber-valve/
2TB716,Inner Tube 20 x 2.125 HD 4.3 MM thorn resistant,Tube,,15.00,1,In stock,/wp-content/uploads/woocommerce_uploads2TB716.png,,https://49b.pfcd.ca/product/inner-tube-20-x-2-125-hd-4-3-mm-thorn-resistant/
2TB050,Inner Tube 20×1 1/8 / 1 3/8 Schrader rubber valve,Tube,,11.00,1,In stock,/wp-content/uploads/woocommerce_uploads2TB050.png,,https://49b.pfcd.ca/product/inner-tube-20x1-1-8-1-3-8-schrader-rubber-valve/
2TB026,Inner Tube 20×1 Presta valve,Tube,,11.00,1,In stock,/wp-content/uploads/woocommerce_uploads2TB026.png,,https://49b.pfcd.ca/product/inner-tube-20x1-presta-valve/
2TB056,Inner Tube 20×1.50/2.5 Schrader Valve,Tube,,16.00,1,In stock,/wp-content/uploads/woocommerce_uploads2TB056.png,,https://49b.pfcd.ca/product/inner-tube-20x1-50-2-5-schrader-valve/
2TB715,Inner Tube 20×1.75/2.125 HD 2.25 MM BX Heavy Duty,Tube,,15.00,1,In stock,/wp-content/uploads/woocommerce_uploads2TB715.png,,https://49b.pfcd.ca/product/inner-tube-20x1-75-2-125-hd-2-25-mm-bx-heavy-duty/
SNA10282675,HS228,Wheels,24'' (540),29.00,1,In stock,/wp-content/uploads/woocommerce_uploadsSNA10282675.png,,https://49b.pfcd.ca/product/hs228/
2CA405-WHI-PC,3x1 Aluminium Powder Coated Hub with Bearings,Castors,"Castor 3""",55.00,1,In stock,/wp-content/uploads/woocommerce_uploads2CA405-WHI-PC.png,,https://49b.pfcd.ca/product/3x1-aluminium-powder-coated-hub-with-bearings/
2CA040-WHI-PC,6x1 Aluminium Powder Coated Hub with Bearings,Castors,"Castor 6""",100.00,1,In stock,/wp-content/uploads/woocommerce_uploads2CA040-WHI-PC.png,,https://49b.pfcd.ca/product/6x1-aluminium-powder-coated-hub-with-bearings/
2CA027-WHI-PC,4x1 Aluminium Powder Coated Hub with Bearings,Castors,"Castor 4""",75.00,1,In stock,/wp-content/uploads/woocommerce_uploads2CA027-WHI-PC.png,,https://49b.pfcd.ca/product/4x1-aluminium-powder-coated-hub-with-bearings/
4WH520,"25"" SoftWheel Aluminium 2.75",Wheels, 25'' (559),"2,375.00",1,In stock,/wp-content/uploads/woocommerce_uploads4WH520.png,,https://49b.pfcd.ca/product/25-softwheel-aluminium-2-75/
4WH510,"24"" SoftWheel Aluminium 2.75",Wheels,24'' (540),"2,375.00",1,In stock,/wp-content/uploads/woocommerce_uploads4WH510.png,,https://49b.pfcd.ca/product/24-softwheel-aluminium-2-75/
4WH625,20'' Wire,Wheels,20'' (451),142.50,1,In stock,/wp-content/uploads/woocommerce_uploads4WH625.png,,https://49b.pfcd.ca/product/20-wire/
4WH570,20'' X-Core 3,Wheels,20'' (451),85.00,1,In stock,/wp-content/uploads/woocommerce_uploads4WH570.png,,https://49b.pfcd.ca/product/20-x-core-3/
4WH565,20'' X-Core Mag 5,Wheels,20'' (451),85.00,1,In stock,/wp-content/uploads/woocommerce_uploads4WH565.png,,https://49b.pfcd.ca/product/20-x-core-mag-5/
4WH573,22'' X-Core Mag 5,Wheels,22'' (501),85.00,1,In stock,/wp-content/uploads/woocommerce_uploads4WH573.png,,https://49b.pfcd.ca/product/22-x-core-mag-5/
K070891207B0,K912 - Black 8.5x2.0,Tires,8.5x2.0,15.00,1,In stock,/wp-content/uploads/woocommerce_uploadsK070891207B0.png,,https://49b.pfcd.ca/product/k912-black-8-5x2-0/
2CA160,7x1 Primo Poly - Black,Castors,"Castor 7""",75.00,1,In stock,/wp-content/uploads/woocommerce_uploads2CA160.png,,https://49b.pfcd.ca/product/7x1-primo-poly-black/
2CA204,7x1 3/4 Pneumatic c/w Tire Tube Bearings,Castors,"Castor 7""",75.00,1,In stock,/wp-content/uploads/woocommerce_uploads2CA204.png,,https://49b.pfcd.ca/product/7x1-3-4-pneumatic-c-w-tire-tube-bearings/
2CA180,8x1 Primo Poly - Black,Castors,"Castor 8""",75.00,1,In stock,/wp-content/uploads/woocommerce_uploads2CA180.png,,https://49b.pfcd.ca/product/8x1-primo-poly-black/
4CA740-GN,Krypto 47mm - Green,,,35.00,1,In stock,/wp-content/uploads/woocommerce_uploads4CA740-GN.png,,https://49b.pfcd.ca/product/krypto-47mm-green/
4CA749-CC,Krypto 59mm - Clear,Tires,,35.00,1,In stock,/wp-content/uploads/woocommerce_uploads4CA749-CC.png,,https://49b.pfcd.ca/product/krypto-59mm-clear/
4CA750,Krypto 62mm - Black,,,68.00,1,In stock,/wp-content/uploads/woocommerce_uploads4CA750.png,,https://49b.pfcd.ca/product/krypto-62mm-black/
4CA755,Krypto 69mm,,,35.00,1,In stock,/wp-content/uploads/woocommerce_uploads4CA755.png,,https://49b.pfcd.ca/product/krypto-69mm/
4CA780,Krypto Flashing 75mm,,,50.00,1,In stock,/wp-content/uploads/woocommerce_uploads4CA780.png,,https://49b.pfcd.ca/product/krypto-flashing-75mm/
2CA410,3x1 MBL Composite Court,,,35.00,1,In stock,/wp-content/uploads/woocommerce_uploads2CA410.png,,https://49b.pfcd.ca/product/3x1-mbl-composite-court/
4CA766,Krypto 80mm - Assm Micro - All Court,,,40.00,1,In stock,/wp-content/uploads/woocommerce_uploads4CA766.png,,https://49b.pfcd.ca/product/krypto-80mm-assm-micro-all-court/
2CA023,4x1.4 Composite Hub - Black Tread,,,50.00,1,In stock,/wp-content/uploads/woocommerce_uploads2CA023.png,,https://49b.pfcd.ca/product/4x1-4-composite-hub-black-tread/
2CA029-BLK-Bk,4x1.5 Soft Roll Composite Black Hub - Black tread,,,65.00,1,In stock,/wp-content/uploads/woocommerce_uploads2CA029-BLK-Bk.png,,https://49b.pfcd.ca/product/4x1-5-soft-roll-composite-black-hub-black-tread/
4CA770,Krypto 100mm - Flashing,,,65.00,1,In stock,/wp-content/uploads/woocommerce_uploads4CA770.png,,https://49b.pfcd.ca/product/krypto-100mm-flashing/
2CA026,MBL (100x34) Alucore 8mm (1404A1),Castors,"Castor 4""",75.00,1,In stock,/wp-content/uploads/woocommerce_uploads2CA026.png,,https://49b.pfcd.ca/product/mbl-100x34-alucore-8mm-1404a1/
2CA411,4x1 Composite Hub,Castors,"Castor 4""",50.00,1,In stock,/wp-content/uploads/woocommerce_uploads2CA411.png,,https://49b.pfcd.ca/product/4x1-composite-hub/
2CA201-CF-BK,4x1.25 Back Carbon Fiber Caster w Black Molded Injection Tread,Castors,"Castor 4""",95.00,1,In stock,/wp-content/uploads/woocommerce_uploads2CA201-CF-BK.png,,https://49b.pfcd.ca/product/4x1-25-back-carbon-fiber-caster-w-black-molded-injection-tread/
2CA109,4x1 Primo Hollow Caster P-110 Black,Castors,"Castor 4""",35.00,1,In stock,/wp-content/uploads/woocommerce_uploads2CA109.png,,https://49b.pfcd.ca/product/4x1-primo-hollow-caster-p-110-black/
2CA112,4x1.5 Primo Hollow Caster - Black,Castors,"Castor 4""",35.00,1,In stock,/wp-content/uploads/woocommerce_uploads2CA112.png,,https://49b.pfcd.ca/product/4x1-5-primo-hollow-caster-black/
2CA021,5x1.4 Composite Hub - Black Tread,Castors,"Castor 5""",70.00,1,In stock,/wp-content/uploads/woocommerce_uploads2CA021.png,,https://49b.pfcd.ca/product/5x1-4-composite-hub-black-tread/
2CA003,5'' MBL (125x34) Alucore 8mm (1405A1),Castors,"Castor 5""",75.00,1,In stock,/wp-content/uploads/woocommerce_uploads2CA003.png,,https://49b.pfcd.ca/product/5-mbl-125x34-alucore-8mm-1405a1/
2CA022,"5x1 MBL Pneumatic complete, Tire, Tube, Bearing",Castors,"Castor 5""",100.00,1,In stock,/wp-content/uploads/woocommerce_uploads2CA022.png,,https://49b.pfcd.ca/product/5x1-mbl-pneumatic-complete-tire-tube-bearing/
2CA099,5x1 Primo Poly - Black,Castors,"Castor 5""",70.00,1,In stock,/wp-content/uploads/woocommerce_uploads2CA099.png,,https://49b.pfcd.ca/product/5x1-primo-poly-black/
2CA300-SLV-Bk,5x1 CEW Aluminium / Shox - Black tread,Castors,"Castor 5""",90.00,1,In stock,/wp-content/uploads/woocommerce_uploads2CA300-SLV-Bk.png,,https://49b.pfcd.ca/product/5x1-cew-aluminium-shox-black-tread/
2CA020,5x1 Composite Hub,Castors,"Castor 5""",50.00,1,In stock,/wp-content/uploads/woocommerce_uploads2CA020.png,,https://49b.pfcd.ca/product/5x1-composite-hub/
2CA114,5x1 Primo D.G. Hollow Caster P-100 Black,Castors,"Castor 5""",35.00,1,In stock,/wp-content/uploads/woocommerce_uploads2CA114.png,,https://49b.pfcd.ca/product/5x1-primo-d-g-hollow-caster-p-100-black/
2CA115,5x1.5 Primo Hollow Caster P-120 Black,Castors,"Castor 5""",35.00,1,In stock,/wp-content/uploads/woocommerce_uploads2CA115.png,,https://49b.pfcd.ca/product/5x1-5-primo-hollow-caster-p-120-black/
2CA052,"6x1.4 Composite Hub, 3 spikes",Castors,"Castor 6""",52.00,1,In stock,/wp-content/uploads/woocommerce_uploads2CA052.png,,https://49b.pfcd.ca/product/6x1-4-composite-hub-3-spikes/
2CA050,6x1.4 Composite Hub - Black Tread,Castors,"Castor 6""",52.00,1,In stock,/wp-content/uploads/woocommerce_uploads2CA050.png,,https://49b.pfcd.ca/product/6x1-4-composite-hub-black-tread/
2CA053,6x1.4 Black Nylon Disc Hub -0 Black Tread,,,100.00,1,In stock,/wp-content/uploads/woocommerce_uploads2CA053.png,,https://49b.pfcd.ca/product/6x1-4-black-nylon-disc-hub-0-black-tread/
2CA033,6'' MBL (150x34) Alucore 8mm (1406A1),Castors,"Castor 6""",100.00,1,In stock,/wp-content/uploads/woocommerce_uploads2CA033.png,,https://49b.pfcd.ca/product/6-mbl-150x34-alucore-8mm-1406a1/
2CA035,"6x1 1/4 MBL Pneumatic Castor complete, Tire/Tube/Bearings",,,75.00,1,In stock,/wp-content/uploads/woocommerce_uploads2CA035.png,,https://49b.pfcd.ca/product/6x1-1-4-mbl-pneumatic-castor-complete-tire-tube-bearings/
2CA117,6x1 Primo D.G. Hollow Caster P-102 Black,Castors,"Castor 6""",35.00,1,In stock,/wp-content/uploads/woocommerce_uploads2CA117.png,,https://49b.pfcd.ca/product/6x1-primo-d-g-hollow-caster-p-102-black/
2CA118,6x1.5 Primo Hollow Caster P-120 Black,Wheels,10x3 (300-4),35.00,1,In stock,/wp-content/uploads/woocommerce_uploads2CA118.png,,https://49b.pfcd.ca/product/6x1-5-primo-hollow-caster-p-120-black/
K253010404B0BK,k301 Rib - Black Non Marking 10x3 (300-4),Wheels,10x3 (300-4),30.00,1,In stock,/wp-content/uploads/woocommerce_uploadsK253010404B0BK.png,,https://49b.pfcd.ca/product/k301-rib-black-non-marking-10x3-300-4/
K256710616B0,K671 Cruiser - Grey 10x3 (410/350-6),Wheels,10x3 (300-4),33.00,1,In stock,/wp-content/uploads/woocommerce_uploadsK256710616B0.png,,https://49b.pfcd.ca/product/k671-cruiser-grey-10x3-410-350-6/
KTT10300F,k301X Rib - Foam Filled 10x3 (300-4),Wheels,10x3 (300-4),67.00,1,In stock,/wp-content/uploads/woocommerce_uploadsKTT10300F.png,,https://49b.pfcd.ca/product/k301x-rib-foam-filled-10x3-300-4/
KTT10300NPR,K671 Racing - Foam Filled - Grey 10x3 (300-4),Wheels,10x3 (300-4),82.00,1,In stock,/wp-content/uploads/woocommerce_uploadsKTT10300NPR.png,,https://49b.pfcd.ca/product/k671-racing-foam-filled-grey-10x3-300-4/
KTT10300R-469,K469 Knobby Foam Filled - Grey 10x3-1 (300-4),Wheels,10x3 (300-4),75.00,1,In stock,/wp-content/uploads/woocommerce_uploadsKTT10300R-469.png,,https://49b.pfcd.ca/product/k469-knobby-foam-filled-grey-10x3-1-300-4/
K25671515B0,6x1 1/4 Cruiser K671 4P T (150x30) (32-86) - Grey,Wheels,8x2 (200x50),13.00,1,In stock,/wp-content/uploads/woocommerce_uploadsK25671515B0.png,,https://49b.pfcd.ca/product/6x1-1-4-cruiser-k671-4p-t-150x30-32-86-grey/
K25081523B14,8x1 1/4 Street K23B (32-137) - Grey,Wheels,8x2 (200x50),13.00,1,In stock,/wp-content/uploads/woocommerce_uploadsK25081523B14.png,,https://49b.pfcd.ca/product/8x1-1-4-street-k23b-32-137-grey/
K2454730301C0,K473 - 8x2 (200x50) - Black,Wheels,8x2 (200x50),15.00,1,In stock,/wp-content/uploads/woocommerce_uploadsK2454730301C0.png,,https://49b.pfcd.ca/product/k473-8x2-200x50-black/
K109090301B0,K909 Slick 4P - Black 8x2 (200x50),Wheels,8x2 (200x50),20.00,1,In stock,/wp-content/uploads/woocommerce_uploadsK109090301B0.png,,https://49b.pfcd.ca/product/k909-slick-4p-black-8x2-200x50/
K254690401B0,K469 Traction 4P TT - Grey 8x2 (200x50),Wheels,8x2 (200x50),15.00,1,In stock,/wp-content/uploads/woocommerce_uploadsK254690401B0.png,,https://49b.pfcd.ca/product/k469-traction-4p-tt-grey-8x2-200x50/
KTT82000,k301 4P - Foam Filled - Grey 8x2 (200x50),Wheels,8x2 (200x50),42.00,1,In stock,/wp-content/uploads/woocommerce_uploadsKTT82000.png,,https://49b.pfcd.ca/product/k301-4p-foam-filled-grey-8x2-200x50/
KTT82000K,K469 Knobby Foam Filled - Grey 8x2 (200x50),Wheels,8x2 (200x50),42.00,1,In stock,/wp-content/uploads/woocommerce_uploadsKTT82000K.png,,https://49b.pfcd.ca/product/k469-knobby-foam-filled-grey-8x2-200x50/
K103720450B0,K372X Turf 4P TT 9x350-4,Wheels,9x350-4,25.00,1,In stock,/wp-content/uploads/woocommerce_uploadsK103720450B0.png,,https://49b.pfcd.ca/product/k372x-turf-4p-tt-9x350-4/
KTT91350,K372 Turf - Foam Filled 9x350-4,Wheels,9x350-4,74.00,1,In stock,/wp-content/uploads/woocommerce_uploadsKTT91350.png,,https://49b.pfcd.ca/product/k372-turf-foam-filled-9x350-4/
K252760404B0BK,K276 Sawtooth 4P TT - Black Non Marking 9x2 (280/250-4),Wheels,9x2 (280/250-4),20.00,1,In stock,/wp-content/uploads/woocommerce_uploadsK252760404B0BK.png,,https://49b.pfcd.ca/product/k276-sawtooth-4p-tt-black-non-marking-9x2-280-250-4/
KTT28250,K276X Sawtooth Foam Filled 9x2 (280/250-4),Wheels,9x2 (280/250-4),51.00,1,In stock,/wp-content/uploads/woocommerce_uploadsKTT28250.png,,https://49b.pfcd.ca/product/k276x-sawtooth-foam-filled-9x2-280-250-4/
KTT28250F,k301Rib - Foam Filled 9x2 (280/250-4),Wheels,9x2 (280/250-4),54.00,1,In stock,/wp-content/uploads/woocommerce_uploadsKTT28250F.png,,https://49b.pfcd.ca/product/k301rib-foam-filled-9x2-280-250-4/
K254700206C0,K470 Slick 6P TT - Black 10x2 (260/165-60),Wheels,10x2 (260/165-60),20.00,1,In stock,/wp-content/uploads/woocommerce_uploadsK254700206C0.png,,https://49b.pfcd.ca/product/k470-slick-6p-tt-black-10x2-260-165-60/
K073540416A0G,K353A Sawtooth - Grey 12x3 (410/350-4),Wheels,12x3 (410/350),22.00,1,In stock,/wp-content/uploads/woocommerce_uploadsK073540416A0G.png,,https://49b.pfcd.ca/product/k353a-sawtooth-grey-12x3-410-350-4/
K253520416B0BK,K352 Stud - Black Non Marking 12x3 (410/350-4),Wheels,12x3 (410/350),30.00,1,In stock,/wp-content/uploads/woocommerce_uploadsK253520416B0BK,,https://49b.pfcd.ca/product/k352-stud-black-non-marking-12x3-410-350-4/
K073520616B1,K352 Stud 4P - Grey 12x3 (410/350-6),Wheels,12x3 (410/350),40.00,1,In stock,/wp-content/uploads/woocommerce_uploadsK073520616B1,,https://49b.pfcd.ca/product/k352-stud-4p-grey-12x3-410-350-6/
KTT61350,K353A Sawtooth Foam Filled - Black 12x3 (410/350-6),Wheels,12x3 (410/350),97.00,1,In stock,/wp-content/uploads/woocommerce_uploadsKTT61350,,https://49b.pfcd.ca/product/k353a-sawtooth-foam-filled-black-12x3-410-350-6/
K073980616A1,K398 2PL - Black 12x3 (410/3.50-6),Wheels,12x3 (410/350),33.00,1,In stock,/wp-content/uploads/woocommerce_uploadsK073980616A1,,https://49b.pfcd.ca/product/k398-2pl-black-12x3-410-3-50-6/
KFB51350K,K352 Stud Foam Filled - Black 12x3 (410/350-5),Wheels,12x3 (410/350),94.00,1,In stock,/wp-content/uploads/woocommerce_uploadsKFB51350K,,https://49b.pfcd.ca/product/k352-stud-foam-filled-black-12x3-410-350-5/
KFB61350K,K352 Stud Foam Filled - Black 12x3 (410/350-6),Wheels,12x3 (410/350),94.00,1,In stock,/wp-content/uploads/woocommerce_uploadsKFB61350K,,https://49b.pfcd.ca/product/k352-stud-foam-filled-black-12x3-410-350-6/
KTT40050,K312 Universal Foam Filled - Grey (400-5)13x4,Wheels,13x4 (400-5),84.00,1,In stock,/wp-content/uploads/woocommerce_uploadsKTT40050,,https://49b.pfcd.ca/product/k312-universal-foam-filled-grey-400-513x4/
SNA10277387.01,HS387 Right Run 22x1.0 (25-501),Tires,22'' (501),25.00,1,In stock,/wp-content/uploads/woocommerce_uploadsSNA10277387.01,,https://49b.pfcd.ca/product/hs387-right-run-22x1-0-25-501/
K25222010314,K103 Street 22x1.375 (37-501),Tires,22'' (501),15.00,1,In stock,/wp-content/uploads/woocommerce_uploadsK25222010314,,https://49b.pfcd.ca/product/k103-street-22x1-375-37-501/
K212186,K1010 Nevegal 22x1.95 (50-501) - Black,Tires,22'' (501),40.00,1,In stock,/wp-content/uploads/woocommerce_uploadsK212186,,https://49b.pfcd.ca/product/k1010-nevegal-22x1-95-50-501-black/